id,video_date,score,name
86,2012,10,The Money Store
96,2012,10,Madvillainy
100,2012,10,In the Aeroplane Over the Sea
122,2012,9,BBNG2
151,2012,9,Natural History
153,2012,9,The Idler Wheel Is Wiser Than the Driver of the Screw and Whipping Cords Will Serve You More Than Ropes Will Ever Do
181,2012,9,"good kid, m.A.A.d city"
202,2012,9,Ondatrópica
205,2012,9,Put Your Back N 2 It
227,2012,9,TNGHT
243,2012,8,Control System
245,2012,8,Rare Chandeliers
263,2012,8,An Awesome Wave
302,2012,8,Bloom
309,2012,8,4eva N a Day
315,2012,8,History Will Absolve Me
320,2012,8,Sentenced to Life
350,2012,8,Truant / Rough Sleeper
351,2012,8,Kindred
377,2012,8,Possession
383,2012,8,Attack on Memory
391,2012,8,All We Love We Leave Behind
409,2012,8,Silent Hour / Golden Mile
424,2012,8,No Love Deep Web
428,2012,8,Drought
474,2012,8,Take the Kids Off Broadway
500,2012,8,’ALLELUJAH! DON’T BEND! ASCEND!
518,2012,8,De Vermis Mysteriis
521,2012,8,Nehru Jackets
526,2012,8,Holograms
533,2012,8,kin
575,2012,8,ƒIN
590,2012,8,Alone Together
601,2012,8,R.A.P. Music
615,2012,8,Years Past Matter
641,2012,8,I.V.
642,2012,8,Galaxy Garden
665,2012,8,Beams
691,2012,8,Results
694,2012,8,Silencing Machine
747,2012,8,dripping
757,2012,8,Portico Quartet
779,2012,8,On Acid
820,2012,8,Narrow
828,2012,8,Sweet Heart Sweet Light
843,2012,8,Engine Room
846,2012,8,The Seer
848,2012,8,Lonerism
851,2012,8,Made Possible
861,2012,8,The Odds
864,2012,8,Breakthrough
884,2012,8,There’s No Leaving Now
890,2012,8,Echoes of Silence
894,2012,8,awE naturalE
906,2012,8,Harmonicraft
919,2012,8,Hair
920,2012,8,Slaughterhouse
952,2012,8,Sinews
955,2012,8,Nocturne
964,2012,8,Hasta la muerte
974,2012,8,Tape One
980,2012,8,Zammuto
1008,2012,7,Skelethon
1029,2012,7,Luxury Problems
1031,2012,7,Half Way Home
1054,2012,7,Yellow & Green
1055,2012,7,The Haunted Man
1069,2012,7,Live from the Underground
1090,2012,7,Four
1094,2012,7,Give Me My Flowers While I Can Still Smell Them
1114,2012,7,Duality
1125,2012,7,Tour Sampler CD-R
1127,2012,7,Something
1135,2012,7,Unknown Rooms: A Collection of Acoustic Songs
1147,2012,7,Instrumentals 2
1164,2012,7,Crystal Castles [ii]
1176,2012,7,ANX
1181,2012,7,Love This Giant
1194,2012,7,I Bet on Sky
1203,2012,7,Locked Down
1216,2012,7,Metahuman
1226,2012,7,The Lion’s Roar
1234,2012,7,Until the Quiet Comes
1236,2012,7,Pink
1238,2012,7,channel ORANGE
1256,2012,7,Eschatological Scatology
1257,2012,7,Blood for the Master
1268,2012,7,Cocody
1277,2012,7,Movement
1282,2012,7,In Our Heads
1325,2012,7,I Know What Love Isn't
1327,2012,7,Jessica Pratt
1335,2012,7,1999
1371,2012,7,"World, You Need a Change of Mind"
1401,2012,7,Is Your Love Big Enough?
1402,2012,7,WIXIW
1438,2012,7,The Heist
1477,2012,7,Clear Moon
1487,2012,7,Americana
1489,2012,7,Honor Found in Decay
1501,2012,7,Paralytic Stalks
1503,2012,7,OFF!
1514,2012,7,4NML HSPTL
1529,2012,7,Sorrow and Extinction
1532,2012,7,Light Up Gold
1547,2012,7,The Horror
1566,2012,7,Lo Fi Hi Fives: A Kind of Best Of
1584,2012,7,Roomful of Teeth
1595,2012,7,Bish Bosch
1600,2012,7,Tramp
1605,2012,7,Vacation
1608,2012,7,Valtari
1673,2012,7,Amongst These Splintered Minds//Leaden Thoughts Sing Softly
1696,2012,7,Noctourniquet
1698,2012,7,Open Your Heart
1700,2012,7,Transcendental Youth
1724,2012,7,Floral Green
1752,2012,7,Wreck
1761,2012,7,Order of Noise
1792,2012,7,Bend Beyond
1795,2012,7,No Youth
1814,2012,7,Idiom Wind
1825,2012,6,In the Middle of Infinity
1845,2012,6,Centipede Hz
1854,2012,6,Mature Themes
1874,2012,6,Dross Glop
1909,2012,6,The Bravest Man in the Universe
1917,2012,6,LUX
1939,2012,6,Come Sunday
1950,2012,6,Love Is Love // Return to Dust
1964,2012,6,Jiaolong
1977,2012,6,Koi no Yokan
1986,2012,6,Swing Lo Magellan
1997,2012,6,Widowmaker
2004,2012,6,Dweller on the Threshold
2008,2012,6,"Angels of Darkness, Demons of Light II"
2011,2012,6,Cancer 4 Cure
2019,2012,6,Kings and Them
2058,2012,6,MU.ZZ.LE
2062,2012,6,Shields
2064,2012,6,See the World Given to a One Love Entity
2067,2012,6,Let’s Go Eat the Factory
2078,2012,6,Hoax [3rd EP]
2081,2012,6,Held
2085,2012,6,Total Loss
2106,2012,6,Blunderbuss
2120,2012,6,Key to the Kuffs
2160,2012,6,When You're Gone
2182,2012,6,Spooky Action at a Distance
2188,2012,6,2
2204,2012,6,Koloss
2208,2012,6,METZ
2209,2012,6,Ten Stories
2212,2012,6,Kaleidoscope Dream
2215,2012,6,Unsound
2223,2012,6,Heartbreaking Bravery
2226,2012,6,Babel
2237,2012,6,Instinct
2250,2012,6,No
2264,2012,6,Gossamer
2268,2012,6,Book Burner
2288,2012,6,Shrines
2312,2012,6,Clockwork Angels
2346,2012,6,Ufabulum
2403,2012,6,Local Business
2453,2012,6,Wu‐Block
2476,2012,5,Onwards to the Wall
2484,2012,5,R.I.P.
2487,2012,5,Les Voyages de l’âme
2525,2012,5,Vicious Lies and Dangerous Rumors
2532,2012,5,Mr. Impossible
2533,2012,5,Cobra Juicy
2572,2012,5,America
2596,2012,5,No Idols
2609,2012,5,Piramida
2640,2012,5,World Music
2645,2012,5,Visions
2654,2012,5,Wild Water Kingdom
2676,2012,5,Celebration Rock
2700,2012,5,Phantom Antichrist
2708,2012,5,Old Ideas
2727,2012,5,"Food & Liquor II: The Great American Rap Album, Pt. 1"
2754,2012,5,Ocean Roar
2771,2012,5,Advaitic Songs
2774,2012,5,We Don’t Even Live Here
2790,2012,5,Quakers
2794,2012,5,Wiki93
2811,2012,5,Habits & Contradictions
2826,2012,5,Reign of Terror
2831,2012,5,Mysterious Phonk: The Chronicles of SpaceGhostPurrp
2852,2012,5,Autotheism
2855,2012,5,Jesus Piece
2861,2012,5,Given to the Wild
2862,2012,5,Love at the Bottom of the Sea
2864,2012,5,Agnus Dei
2865,2012,5,Port of Morrow
2882,2012,5,Instrumental Tourist
2895,2012,5,Confess
2938,2012,4,Based on a T.R.U. Story
2951,2012,4,Strange Clouds
2958,2012,4,The Parallax II: Future Sequence
2971,2012,4,Finally Rich
2975,2012,4,Kill for Love
2979,2012,4,(III)
3029,2012,4,Devotion
3065,2012,4,Floral Shoppe
3075,2012,4,Life Is Good
3080,2012,4,The OF Tape Vol. 2
3116,2012,4,Young & Old
3123,2012,4,Purple Naked Ladies
3131,2012,4,Zeros
3132,2012,4,Coexist
3153,2012,4,Acousmatic Sorcery
3171,2012,3,Lord$ Never Worry
3176,2012,3,Into the Future
3179,2012,3,The Only Place
3188,2012,3,The Stoned Immaculate
3224,2012,3,Resolution
3225,2012,3,Born to Die
3243,2012,3,Born Villain
3246,2012,3,Numbers
3247,2012,3,Synthetica
3249,2012,3,The 2nd Law
3264,2012,3,"God Forgives, I Don’t"
3271,2012,3,Welcome to: Our House
3282,2012,3,ATUM: A Rock Opera in Three Acts
3297,2012,3,WZRD
3327,2012,2,PBX Funicular Intaglio Zone
3485,2012,-1,Macadelic
3515,2012,-1,Silver & Gold
3520,2012,-1,The Flaming Lips and Heady Fwends
